{"cameraMode":{"drawMode":0,"name":"Shaded","section":"Shading Mode"},"sceneLighting":true,"audioPlay":false,"sceneViewState":{"m_AlwaysRefresh":false,"showFog":true,"showSkybox":true,"showFlares":true,"showImageEffects":true,"showParticleSystems":true,"showVisualEffectGraphs":true,"m_FxEnabled":true},"in2DMode":false,"pivot":{"x":-1.8932433128356934,"y":3.170717477798462,"z":-3.3679866790771486},"rotation":{"x":0.01226277556270361,"y":-0.7206593751907349,"z":-0.012750576250255108,"w":-0.6930814385414124},"size":12.846626281738282,"orthographic":false}