{"cameraMode":{"drawMode":0,"name":"Shaded","section":"Shading Mode"},"sceneLighting":true,"audioPlay":false,"sceneViewState":{"m_AlwaysRefresh":false,"showFog":true,"showSkybox":true,"showFlares":true,"showImageEffects":true,"showParticleSystems":true,"showVisualEffectGraphs":true,"m_FxEnabled":true},"in2DMode":false,"pivot":{"x":-4.448758602142334,"y":1.1650886535644532,"z":-2.90783429145813},"rotation":{"x":0.29427391290664675,"y":-0.029838137328624727,"z":0.009069989435374737,"w":0.9553180932998657},"size":6.883067607879639,"orthographic":false}