{"cameraMode":{"drawMode":0,"name":"Shaded","section":"Shading Mode"},"sceneLighting":true,"audioPlay":false,"sceneViewState":{"m_AlwaysRefresh":false,"showFog":true,"showSkybox":true,"showFlares":true,"showImageEffects":true,"showParticleSystems":true,"showVisualEffectGraphs":true,"m_FxEnabled":true},"in2DMode":false,"pivot":{"x":0.00019097328186035156,"y":0.9052097797393799,"z":-0.031603991985321048},"rotation":{"x":-0.2379446029663086,"y":0.02538151852786541,"z":-0.00609198771417141,"w":-0.9710068702697754},"size":33.38571548461914,"orthographic":false}