{"cameraMode":{"drawMode":0,"name":"Shaded","section":"Shading Mode"},"sceneLighting":true,"audioPlay":false,"sceneViewState":{"m_AlwaysRefresh":false,"showFog":true,"showSkybox":true,"showFlares":true,"showImageEffects":true,"showParticleSystems":true,"showVisualEffectGraphs":true,"m_FxEnabled":true},"in2DMode":false,"pivot":{"x":-0.9679784774780273,"y":-0.26868391036987307,"z":-1.8986577987670899},"rotation":{"x":-0.2124837338924408,"y":-0.07879377901554108,"z":0.017168698832392694,"w":-0.9739043116569519},"size":9.69328498840332,"orthographic":false}