{"cameraMode":{"drawMode":0,"name":"Shaded","section":"Shading Mode"},"sceneLighting":true,"audioPlay":false,"sceneViewState":{"m_AlwaysRefresh":false,"showFog":true,"showSkybox":true,"showFlares":true,"showImageEffects":true,"showParticleSystems":true,"showVisualEffectGraphs":true,"m_FxEnabled":true},"in2DMode":false,"pivot":{"x":79.12438201904297,"y":13.57718563079834,"z":-0.3140733242034912},"rotation":{"x":0.015311884693801403,"y":-0.01168854907155037,"z":0.00006273477629292756,"w":0.9999158978462219},"size":349.800537109375,"orthographic":false}